week,site,topic_type,target_keyword,suggested_url,brief
1,"K1 Version Tracker","guide","k1 game latest version check android setup","/guides/k1-game-latest-version-check-android-setup/","Write a unique version article with original screenshots, local examples, FAQ, and internal links. Do not reuse the same article structure across domains."
2,"K1 Version Tracker","guide","k1 game old version new user guide","/guides/k1-game-old-version-new-user-guide/","Write a unique version article with original screenshots, local examples, FAQ, and internal links. Do not reuse the same article structure across domains."
3,"K1 Version Tracker","comparison","k1 game v4.0.5 v0.7.52 Pakistan mobile users","/guides/k1-game-v4-0-5-v0-7-52-pakistan-mobile-users/","Write a unique version article with original screenshots, local examples, FAQ, and internal links. Do not reuse the same article structure across domains."
4,"K1 Version Tracker","faq","k1 game update loop common mistake","/guides/k1-game-update-loop-common-mistake/","Write a unique version article with original screenshots, local examples, FAQ, and internal links. Do not reuse the same article structure across domains."
5,"K1 Version Tracker","refresh","k1 game version conflict safe checklist","/guides/k1-game-version-conflict-safe-checklist/","Write a unique version article with original screenshots, local examples, FAQ, and internal links. Do not reuse the same article structure across domains."
6,"K1 Version Tracker","comparison","k1 game changelog step by step","/guides/k1-game-changelog-step-by-step/","Write a unique version article with original screenshots, local examples, FAQ, and internal links. Do not reuse the same article structure across domains."
7,"K1 Version Tracker","guide","k1 game file size FAQ update","/guides/k1-game-file-size-faq-update/","Write a unique version article with original screenshots, local examples, FAQ, and internal links. Do not reuse the same article structure across domains."
8,"K1 Version Tracker","faq","k1 game latest build faq weekly review","/guides/k1-game-latest-build-faq-weekly-review/","Write a unique version article with original screenshots, local examples, FAQ, and internal links. Do not reuse the same article structure across domains."
9,"K1 Version Tracker","comparison","k1 game crash after update comparison notes","/guides/k1-game-crash-after-update-comparison-notes/","Write a unique version article with original screenshots, local examples, FAQ, and internal links. Do not reuse the same article structure across domains."
10,"K1 Version Tracker","refresh","k1 game android version required support evidence","/guides/k1-game-android-version-required-support-evidence/","Write a unique version article with original screenshots, local examples, FAQ, and internal links. Do not reuse the same article structure across domains."
11,"K1 Version Tracker","guide","k1 game manual update device compatibility","/guides/k1-game-manual-update-device-compatibility/","Write a unique version article with original screenshots, local examples, FAQ, and internal links. Do not reuse the same article structure across domains."
12,"K1 Version Tracker","faq","k1 game version ledger error fix","/guides/k1-game-version-ledger-error-fix/","Write a unique version article with original screenshots, local examples, FAQ, and internal links. Do not reuse the same article structure across domains."
13,"K1 Version Tracker","guide","k1 game latest version check June update","/guides/k1-game-latest-version-check-june-update/","Write a unique version article with original screenshots, local examples, FAQ, and internal links. Do not reuse the same article structure across domains."
14,"K1 Version Tracker","guide","k1 game old version July update","/guides/k1-game-old-version-july-update/","Write a unique version article with original screenshots, local examples, FAQ, and internal links. Do not reuse the same article structure across domains."
15,"K1 Version Tracker","refresh","k1 game v4.0.5 v0.7.52 2026 refresh","/guides/k1-game-v4-0-5-v0-7-52-2026-refresh/","Write a unique version article with original screenshots, local examples, FAQ, and internal links. Do not reuse the same article structure across domains."
16,"K1 Version Tracker","faq","k1 game update loop android setup","/guides/k1-game-update-loop-android-setup/","Write a unique version article with original screenshots, local examples, FAQ, and internal links. Do not reuse the same article structure across domains."
17,"K1 Version Tracker","guide","k1 game version conflict new user guide","/guides/k1-game-version-conflict-new-user-guide/","Write a unique version article with original screenshots, local examples, FAQ, and internal links. Do not reuse the same article structure across domains."
18,"K1 Version Tracker","comparison","k1 game changelog Pakistan mobile users","/guides/k1-game-changelog-pakistan-mobile-users/","Write a unique version article with original screenshots, local examples, FAQ, and internal links. Do not reuse the same article structure across domains."
19,"K1 Version Tracker","guide","k1 game file size common mistake","/guides/k1-game-file-size-common-mistake/","Write a unique version article with original screenshots, local examples, FAQ, and internal links. Do not reuse the same article structure across domains."
20,"K1 Version Tracker","refresh","k1 game latest build faq safe checklist","/guides/k1-game-latest-build-faq-safe-checklist/","Write a unique version article with original screenshots, local examples, FAQ, and internal links. Do not reuse the same article structure across domains."
21,"K1 Version Tracker","comparison","k1 game crash after update step by step","/guides/k1-game-crash-after-update-step-by-step/","Write a unique version article with original screenshots, local examples, FAQ, and internal links. Do not reuse the same article structure across domains."
22,"K1 Version Tracker","guide","k1 game android version required FAQ update","/guides/k1-game-android-version-required-faq-update/","Write a unique version article with original screenshots, local examples, FAQ, and internal links. Do not reuse the same article structure across domains."
23,"K1 Version Tracker","guide","k1 game manual update weekly review","/guides/k1-game-manual-update-weekly-review/","Write a unique version article with original screenshots, local examples, FAQ, and internal links. Do not reuse the same article structure across domains."
24,"K1 Version Tracker","faq","k1 game version ledger comparison notes","/guides/k1-game-version-ledger-comparison-notes/","Write a unique version article with original screenshots, local examples, FAQ, and internal links. Do not reuse the same article structure across domains."
25,"K1 Version Tracker","refresh","k1 game latest version check support evidence","/guides/k1-game-latest-version-check-support-evidence/","Write a unique version article with original screenshots, local examples, FAQ, and internal links. Do not reuse the same article structure across domains."
26,"K1 Version Tracker","guide","k1 game old version device compatibility","/guides/k1-game-old-version-device-compatibility/","Write a unique version article with original screenshots, local examples, FAQ, and internal links. Do not reuse the same article structure across domains."
27,"K1 Version Tracker","comparison","k1 game v4.0.5 v0.7.52 error fix","/guides/k1-game-v4-0-5-v0-7-52-error-fix/","Write a unique version article with original screenshots, local examples, FAQ, and internal links. Do not reuse the same article structure across domains."
28,"K1 Version Tracker","faq","k1 game update loop June update","/guides/k1-game-update-loop-june-update/","Write a unique version article with original screenshots, local examples, FAQ, and internal links. Do not reuse the same article structure across domains."
29,"K1 Version Tracker","guide","k1 game version conflict July update","/guides/k1-game-version-conflict-july-update/","Write a unique version article with original screenshots, local examples, FAQ, and internal links. Do not reuse the same article structure across domains."
30,"K1 Version Tracker","refresh","k1 game changelog 2026 refresh","/guides/k1-game-changelog-2026-refresh/","Write a unique version article with original screenshots, local examples, FAQ, and internal links. Do not reuse the same article structure across domains."
31,"K1 Version Tracker","guide","k1 game file size android setup","/guides/k1-game-file-size-android-setup/","Write a unique version article with original screenshots, local examples, FAQ, and internal links. Do not reuse the same article structure across domains."
32,"K1 Version Tracker","faq","k1 game latest build faq new user guide","/guides/k1-game-latest-build-faq-new-user-guide/","Write a unique version article with original screenshots, local examples, FAQ, and internal links. Do not reuse the same article structure across domains."
33,"K1 Version Tracker","comparison","k1 game crash after update Pakistan mobile users","/guides/k1-game-crash-after-update-pakistan-mobile-users/","Write a unique version article with original screenshots, local examples, FAQ, and internal links. Do not reuse the same article structure across domains."
34,"K1 Version Tracker","guide","k1 game android version required common mistake","/guides/k1-game-android-version-required-common-mistake/","Write a unique version article with original screenshots, local examples, FAQ, and internal links. Do not reuse the same article structure across domains."
35,"K1 Version Tracker","refresh","k1 game manual update safe checklist","/guides/k1-game-manual-update-safe-checklist/","Write a unique version article with original screenshots, local examples, FAQ, and internal links. Do not reuse the same article structure across domains."
36,"K1 Version Tracker","faq","k1 game version ledger step by step","/guides/k1-game-version-ledger-step-by-step/","Write a unique version article with original screenshots, local examples, FAQ, and internal links. Do not reuse the same article structure across domains."
37,"K1 Version Tracker","guide","k1 game latest version check FAQ update","/guides/k1-game-latest-version-check-faq-update/","Write a unique version article with original screenshots, local examples, FAQ, and internal links. Do not reuse the same article structure across domains."
38,"K1 Version Tracker","guide","k1 game old version weekly review","/guides/k1-game-old-version-weekly-review/","Write a unique version article with original screenshots, local examples, FAQ, and internal links. Do not reuse the same article structure across domains."
39,"K1 Version Tracker","comparison","k1 game v4.0.5 v0.7.52 comparison notes","/guides/k1-game-v4-0-5-v0-7-52-comparison-notes/","Write a unique version article with original screenshots, local examples, FAQ, and internal links. Do not reuse the same article structure across domains."
40,"K1 Version Tracker","refresh","k1 game update loop support evidence","/guides/k1-game-update-loop-support-evidence/","Write a unique version article with original screenshots, local examples, FAQ, and internal links. Do not reuse the same article structure across domains."
41,"K1 Version Tracker","guide","k1 game version conflict device compatibility","/guides/k1-game-version-conflict-device-compatibility/","Write a unique version article with original screenshots, local examples, FAQ, and internal links. Do not reuse the same article structure across domains."
42,"K1 Version Tracker","comparison","k1 game changelog error fix","/guides/k1-game-changelog-error-fix/","Write a unique version article with original screenshots, local examples, FAQ, and internal links. Do not reuse the same article structure across domains."
43,"K1 Version Tracker","guide","k1 game file size June update","/guides/k1-game-file-size-june-update/","Write a unique version article with original screenshots, local examples, FAQ, and internal links. Do not reuse the same article structure across domains."
44,"K1 Version Tracker","faq","k1 game latest build faq July update","/guides/k1-game-latest-build-faq-july-update/","Write a unique version article with original screenshots, local examples, FAQ, and internal links. Do not reuse the same article structure across domains."
45,"K1 Version Tracker","refresh","k1 game crash after update 2026 refresh","/guides/k1-game-crash-after-update-2026-refresh/","Write a unique version article with original screenshots, local examples, FAQ, and internal links. Do not reuse the same article structure across domains."
46,"K1 Version Tracker","guide","k1 game android version required android setup","/guides/k1-game-android-version-required-android-setup/","Write a unique version article with original screenshots, local examples, FAQ, and internal links. Do not reuse the same article structure across domains."
47,"K1 Version Tracker","guide","k1 game manual update new user guide","/guides/k1-game-manual-update-new-user-guide/","Write a unique version article with original screenshots, local examples, FAQ, and internal links. Do not reuse the same article structure across domains."
48,"K1 Version Tracker","faq","k1 game version ledger Pakistan mobile users","/guides/k1-game-version-ledger-pakistan-mobile-users/","Write a unique version article with original screenshots, local examples, FAQ, and internal links. Do not reuse the same article structure across domains."
49,"K1 Version Tracker","guide","k1 game latest version check common mistake","/guides/k1-game-latest-version-check-common-mistake/","Write a unique version article with original screenshots, local examples, FAQ, and internal links. Do not reuse the same article structure across domains."
50,"K1 Version Tracker","refresh","k1 game old version safe checklist","/guides/k1-game-old-version-safe-checklist/","Write a unique version article with original screenshots, local examples, FAQ, and internal links. Do not reuse the same article structure across domains."
51,"K1 Version Tracker","comparison","k1 game v4.0.5 v0.7.52 step by step","/guides/k1-game-v4-0-5-v0-7-52-step-by-step/","Write a unique version article with original screenshots, local examples, FAQ, and internal links. Do not reuse the same article structure across domains."
52,"K1 Version Tracker","faq","k1 game update loop FAQ update","/guides/k1-game-update-loop-faq-update/","Write a unique version article with original screenshots, local examples, FAQ, and internal links. Do not reuse the same article structure across domains."
