week,site,content_type,target_keyword,url,action
1,"K1 Version Tracker","version","k1 game latest version check","/guides/latest-version-check/","Publish or improve: How to Check the Latest K1 Game Version"
1,"K1 Version Tracker","risk","k1 game old version","/guides/old-version-risks/","Publish or improve: K1 Game Old Version Risks and Use Cases"
1,"K1 Version Tracker","comparison","k1 game v4.0.5 v0.7.52","/guides/v405-vs-v0752/","Publish or improve: K1 Game V4.0.5 vs V0.7.52: Version Claim Notes"
2,"K1 Version Tracker","troubleshooting","k1 game update loop","/guides/update-loop-fix/","Publish or improve: K1 Game Update Loop Fix"
2,"K1 Version Tracker","analysis","k1 game version conflict","/guides/version-name-conflicts/","Publish or improve: Why K1 Game Version Names Conflict Online"
2,"K1 Version Tracker","freshness","k1 game changelog","/guides/apk-changelog-template/","Publish or improve: K1 Game APK Changelog Template"
3,"K1 Version Tracker","version","k1 game file size","/guides/file-size-review/","Publish or improve: K1 Game File Size Review Checklist"
3,"K1 Version Tracker","faq","k1 game latest build faq","/guides/latest-build-faq/","Publish or improve: K1 Game Latest Build FAQ"
3,"K1 Version Tracker","troubleshooting","k1 game crash after update","/guides/update-crash-after-install/","Publish or improve: K1 Game Crash After Update: Fix Path"
4,"K1 Version Tracker","device","k1 game android version required","/guides/android-version-required/","Publish or improve: K1 Game Android Version Requirement Notes"
4,"K1 Version Tracker","tutorial","k1 game manual update","/guides/manual-update-guide/","Publish or improve: Manual Update Guide for K1 Game APK"
4,"K1 Version Tracker","freshness","k1 game version ledger","/guides/weekly-version-ledger/","Publish or improve: Weekly K1 Game Version Ledger"
5,"K1 Version Tracker","refresh","k1 game latest version","/","Review GSC impressions, rewrite title, add FAQ, update internal links"
6,"K1 Version Tracker","refresh","k1 game latest version","/","Review GSC impressions, rewrite title, add FAQ, update internal links"
7,"K1 Version Tracker","refresh","k1 game latest version","/","Review GSC impressions, rewrite title, add FAQ, update internal links"
8,"K1 Version Tracker","refresh","k1 game latest version","/","Review GSC impressions, rewrite title, add FAQ, update internal links"
9,"K1 Version Tracker","version-wiki","k1 game version history","/guides/version-history-checklist/","Publish or improve: K1 Game Version History Checklist"
"2026-06-13","published","k1 game update apk safe check","/guides/apk-update-safe-check/","second content expansion","new long-tail page with FAQ, internal links, GA and sitemap entry"
"2026-06-13","published","k1 game update failed after download","/guides/update-failed-after-download/","third content expansion","new long-tail page with K1 public evidence, FAQ, schema and internal links"
"2026-06-16","published","k1 game latest version before login","/guides/latest-version-before-login/","daily content sprint","new intent-specific page with FAQ, internal links, sitemap and feed entry"
2026-06-16,k1pkapp.com,K1 Version Tracker,"k1 game version mismatch",/guides/version-mismatch-fix/,fourth ranking cluster
2026-06-16,k1pkapp.com,K1 Version Tracker,"k1 game update not showing",/guides/update-not-showing/,fifth problem keyword cluster
2026-06-16,k1pkapp.com,K1 Version Tracker,"k1 game apk version name confusing",/guides/apk-version-name-confusing/,sixth scale cluster
2026-06-16,k1pkapp.com,K1 Version Tracker,"k1 game old apk still works",/guides/old-apk-still-works/,sixth scale cluster
2026-06-16,k1pkapp.com,K1 Version Tracker,"k1 game latest version without reinstall",/guides/latest-version-without-reinstall/,sixth scale cluster
2026-06-17,k1pkapp.com,K1 Version Tracker,"k1 game changelog after update",/guides/changelog-after-update/,next content sprint
7,"K1 Version Tracker","version","k1 game latest apk version check","/guides/latest-apk-version-check/","Publish or improve: K1 Game Latest APK Version Check: Label and File Guide"
7,"K1 Version Tracker","troubleshooting","k1 game update stuck on loading","/guides/update-stuck-on-loading/","Publish or improve: K1 Game Update Stuck on Loading: Version Fix Path"
8,"K1 Version Tracker","version hub","k1 game latest version update center","/guides/latest-version-update-center/","Publish or improve: K1 Game Latest Version and Update Center"
2026-06-18,k1pkapp.com,K1 Version Tracker,"k1 game version rollback check",/guides/version-rollback-check/,next content sprint
